;2003-1;;;;;2003-2;;;;;2004-1;;;;;2004-2;;;;;2005-1;;;;;2005-2;;;;;2006-1;;;;;2006-2;;;;;2007-1;;;;;2007-2;;;;;2008-1;;;;;2008-2;;;;;2009-1;;;;;2009-2;;;;;2010-1;;;;;2010-2;;;;;2011-1;;;;;2011-2;;;;;2012-1;;;;;2012-2;;;;;2013-1;;;;;2013-2;;;;;2014-1;;;;;2014-2;;;;;2015-1;;;;;2015-2;;;;;2016-1;;;;;2016-2;;;;;2017-1;;;;;2017-2;;;;;2018-1;;;;;2018-2;;;;;2019-1;;;;;2019-2;;;;;2020-1;;;;;2020-2;;;;;2021-1;;;;
Facultad y Programa;Inscritos;Admitidos;Nuevos del periodo;Reservas y Transferencias;Matriculados;Inscritos;Admitidos;Nuevos del periodo;Reservas y Transferencias;Matriculados;Inscritos;Admitidos;Nuevos del periodo;Reservas y Transferencias;Matriculados;Inscritos;Admitidos;Nuevos del periodo;Reservas y Transferencias;Matriculados;Inscritos;Admitidos;Nuevos del periodo;Reservas y Transferencias;Matriculados;Inscritos;Admitidos;Nuevos del periodo;Reservas y Transferencias;Matriculados;Inscritos;Admitidos;Nuevos del periodo;Reservas y Transferencias;Matriculados;Inscritos;Admitidos;Nuevos del periodo;Reservas y Transferencias;Matriculados;Inscritos;Admitidos;Nuevos del periodo;Reservas y Transferencias;Matriculados;Inscritos;Admitidos;Nuevos del periodo;Reservas y Transferencias;Matriculados;Inscritos;Admitidos;Nuevos del periodo;Reservas y Transferencias;Matriculados;Inscritos;Admitidos;Nuevos del periodo;Reservas y Transferencias;Matriculados;Inscritos;Admitidos;Nuevos del periodo;Reservas y Transferencias;Matriculados;Inscritos;Admitidos;Nuevos del periodo;Reservas y Transferencias;Matriculados;Inscritos;Admitidos;Nuevos del periodo;Reservas y Transferencias;Matriculados;Inscritos;Admitidos;Nuevos del periodo;Reservas y Transferencias;Matriculados;Inscritos;Admitidos;Nuevos del periodo;Reservas y Transferencias;Matriculados;Inscritos;Admitidos;Nuevos del periodo;Reservas y Transferencias;Matriculados;Inscritos;Admitidos;Nuevos del periodo;Reservas y Transferencias;Matriculados;Inscritos;Admitidos;Nuevos del periodo;Reservas y Transferencias;Matriculados;Inscritos;Admitidos;Nuevos del periodo;Reservas y Transferencias;Matriculados;Inscritos;Admitidos;Nuevos del periodo;Reservas y Transferencias;Matriculados;Inscritos;Admitidos;Nuevos del periodo;Reservas y Transferencias;Matriculados;Inscritos;Admitidos;Nuevos del periodo;Reservas y Transferencias;Matriculados;Inscritos;Admitidos;Nuevos del periodo;Reservas y Transferencias;Matriculados;Inscritos;Admitidos;Nuevos del periodo;Reservas y Transferencias;Matriculados;Inscritos (primera opción);Admitidos (primera y segunda opción);Nuevos del periodo;Reservas y Transferencias;Matriculados;Inscritos (primera opción);Admitidos (primera y segunda opción);Nuevos del periodo;Reservas y Transferencias;Matriculados;Inscritos (primera opción);Admitidos (primera y segunda opción);Nuevos del periodo;Reservas y Transferencias;Matriculados;Inscritos (primera opción);Admitidos (primera y segunda opción);Nuevos del periodo;Reservas y Transferencias;Matriculados;Inscritos (primera opción);Admitidos (primera y segunda opción);Nuevos del periodo;Reservas y Transferencias;Matriculados;Inscritos (primera opción);Admitidos (primera y segunda opción);Nuevos del periodo;Reservas y Transferencias;Matriculados;Inscritos (primera opción);Admitidos (primera y segunda opción);Nuevos del periodo;Reservas y Transferencias;Matriculados;Inscritos (primera opción);Admitidos (primera y segunda opción);Nuevos del periodo;Reservas y Transferencias;Matriculados;Inscritos (primera opción);Admitidos (primera y segunda opción);Nuevos del periodo;Reservas y Transferencias;Matriculados;Inscritos (primera opción);Admitidos (primera y segunda opción);Nuevos del periodo;Reservas y Transferencias;Matriculados;Inscritos (primera opción);Admitidos (primera y segunda opción);Nuevos del periodo;Reservas y Transferencias;Matriculados
Administración;234;157;81;8;89;237;60;31;20;51;240;168;87;6;93;380;125;67;20;87;339;154;79;11;90;311;80;48;16;64;458;98;49;13;62;467;106;58;6;64;768;140;46;10;56;552;119;51;14;65;941;189;69;11;80;575;143;69;25;94;797;157;52;22;74;564;116;60;27;87;712;148;60;13;73;458;89;54;26;80;752;111;49;8;57;567;140;71;10;81;629;166;59;13;72;546;191;109;13;122;521;154;55;22;77;538;185;97;15;112;545;164;62;10;72;488;154;70;13;83;593;170;71;15;86;578;127;69;18;87;645;137;55;12;67;467;129;62;12;74;474;150;67;9;76;378;158;77;5;82;347;237;71;14;85;460;207;102;12;114;370;265;91;11;102;461;260;111;12;123;381;333;106;18;124;530;406;167;14;181;485;349;115;16;131
Contaduría Internacional;;;;;;;;;;;;;;;;;;;;;;;;;;;;;;;;;;;;;;;;;;;;;;;;;;;;;;;;;;;;;;;;;;;;;;;;;;;;;;;;;;;;;;;;;;;;;;;;;;;;;;;;;;;;;;;;;;;;;;;;;;;;;;39;12;8;;8;139;53;21;0;21;36;36;19;1;20;77;38;19;3;22;46;45;25;2;27;50;24;7;0;7;25;20;10;1;11;42;16;7;0;7;16;20;5;0;5;49;29;6;1;7;9;3;;;;;;;;
Administración;234;157;81;8;89;237;60;31;20;51;240;168;87;6;93;380;125;67;20;87;339;154;79;11;90;311;80;48;16;64;458;98;49;13;62;467;106;58;6;64;768;140;46;10;56;552;119;51;14;65;941;189;69;11;80;575;143;69;25;94;797;157;52;22;74;564;116;60;27;87;712;148;60;13;73;458;89;54;26;80;752;111;49;8;57;567;140;71;10;81;629;166;59;13;72;546;191;109;13;122;521;154;55;22;77;538;185;97;15;112;545;164;62;10;72;488;154;70;13;83;593;170;71;15;86;617;139;77;18;95;784;190;76;12;88;503;165;81;13;94;551;188;86;12;98;424;203;102;7;109;397;261;78;14;92;485;227;112;13;125;412;281;98;11;109;477;280;116;12;128;430;362;112;19;131;539;409;167;14;181;485;349;115;16;131
Arquitectura;79;70;34;5;39;82;66;45;9;54;84;49;21;9;30;97;63;39;9;48;113;83;34;4;38;104;71;35;6;41;121;88;37;8;45;147;101;51;6;57;269;129;40;10;50;242;104;43;8;51;337;104;30;11;41;234;91;39;11;50;405;170;55;7;62;267;115;50;26;76;424;142;43;18;61;309;121;69;15;84;524;180;73;16;89;307;123;64;11;75;465;198;53;15;68;318;149;67;13;80;421;183;68;17;85;280;126;66;19;85;394;159;55;7;62;267;124;65;14;79;542;203;71;5;76;338;118;50;16;66;695;136;54;13;67;271;132;65;8;73;466;135;58;15;73;239;139;55;15;70;295;138;44;6;50;185;151;53;8;61;244;210;78;13;91;195;173;76;7;83;241;193;73;10;83;250;205;82;10;92;341;245;55;22;77
Diseño;170;126;67;6;73;200;67;43;11;54;202;137;70;6;76;191;90;44;14;58;216;140;65;2;67;221;97;54;8;62;275;148;67;5;72;284;173;91;7;98;518;149;53;4;57;371;92;48;6;54;545;194;56;6;62;350;85;37;14;51;483;219;58;7;65;340;72;30;23;53;458;138;49;10;59;342;105;46;20;66;461;139;52;7;59;322;122;49;7;56;408;171;51;12;63;307;152;79;10;89;317;176;56;11;67;273;136;68;9;77;301;171;44;9;53;248;137;53;9;62;379;231;80;9;89;291;132;69;16;85;343;162;63;11;74;233;156;67;8;75;256;170;70;10;80;213;142;68;8;76;184;177;53;14;67;210;159;70;8;78;201;171;67;11;78;219;152;77;14;91;194;162;62;11;73;249;176;103;9;112;235;182;60;11;71
Arquitectura y Diseño;249;196;101;11;112;282;133;88;20;108;286;186;91;15;106;288;153;83;23;106;329;223;99;6;105;325;168;89;14;103;396;236;104;13;117;431;274;142;13;155;787;278;93;14;107;613;196;91;14;105;882;298;86;17;103;584;176;76;25;101;888;389;113;14;127;607;187;80;49;129;882;280;92;28;120;651;226;115;35;150;985;319;125;23;148;629;245;113;18;131;873;369;104;27;131;625;301;146;23;169;738;359;124;28;152;553;262;134;28;162;695;330;99;16;115;515;261;118;23;141;921;434;151;14;165;629;250;119;32;151;1.038;298;117;24;141;504;288;132;16;148;722;305;128;25;153;452;281;123;23;146;479;315;97;20;117;395;310;123;16;139;445;381;145;24;169;414;325;153;21;174;435;355;135;21;156;499;381;185;19;204;576;427;115;33;148
Arte;51;42;21;7;28;61;53;30;7;37;64;47;25;12;37;60;37;16;10;26;65;53;24;4;28;84;58;26;7;33;84;55;24;4;28;77;60;27;2;29;99;65;22;6;28;109;76;32;3;35;139;106;35;2;37;145;83;34;8;42;136;104;34;5;39;105;40;17;12;29;92;65;26;2;28;116;58;26;6;32;97;70;27;11;38;99;57;24;3;27;109;76;24;1;25;115;75;27;4;31;114;93;32;2;34;81;60;34;2;36;109;80;32;2;34;80;63;30;4;34;100;75;24;5;29;66;49;20;4;24;117;84;25;0;25;76;66;26;3;29;96;105;36;2;38;59;65;22;2;24;76;51;24;6;30;44;46;11;2;13;52;43;8;2;10;53;50;22;1;23;59;58;13;2;15;71;68;20;4;24;73;62;14;1;15
Historia del Arte;;;;;;;;;;;;;;;;;;;;;;;;;;;;;;;;;;;;;;;;;;;;;;;;;;;;;;;;;;;;;;;;;;;;;;;;;;;;;;;;;;;;;;;;;;;15;6;2;;2;27;19;12;3;15;18;11;6;1;7;20;15;6;1;7;19;14;6;2;8;22;13;9;2;11;22;13;4;1;5;17;10;4;3;7;13;16;5;0;5;27;34;14;0;14;37;41;16;1;17;26;29;12;0;12;15;20;8;1;9;13;18;6;2;8;23;19;9;0;9;18;18;5;0;5;10;8;8;0;8;10;12;9;1;10;8;4;1;;1
Literatura;17;14;10;1;11;32;30;22;2;24;31;28;10;4;14;37;32;18;4;22;48;37;18;1;19;44;32;15;;15;65;50;19;3;22;41;36;11;3;14;66;53;7;1;8;67;63;23;3;26;53;44;15;3;18;45;36;15;2;17;59;43;11;2;13;43;30;12;1;13;68;56;16;3;19;49;31;17;4;21;56;51;9;;9;56;41;15;3;18;82;65;16;1;17;41;32;9;1;10;88;76;17;1;18;45;44;13;2;15;86;78;23;4;27;71;41;16;2;18;113;98;30;1;31;54;46;12;6;18;124;82;20;5;25;50;58;16;3;19;93;106;29;2;31;55;53;14;3;17;57;66;19;5;24;35;37;14;1;15;50;48;12;0;12;33;32;4;2;6;40;42;13;0;13;35;32;12;1;13;58;48;11;1;12
Música;36;25;19;1;20;29;18;9;3;12;30;19;11;2;13;42;19;11;4;15;26;12;8;1;9;39;28;20;1;21;69;25;10;2;12;81;35;16;;16;104;43;17;8;25;113;47;27;2;29;106;45;23;5;28;102;42;24;8;32;120;35;17;7;24;72;29;18;3;21;108;31;14;8;22;78;25;13;2;15;137;53;16;1;17;71;31;14;3;17;110;77;12;6;18;72;48;18;1;19;93;32;18;3;21;75;34;15;1;16;92;46;23;0;23;63;55;18;3;21;99;44;16;4;20;54;34;13;6;19;133;54;26;2;28;61;33;18;2;20;92;51;19;2;21;70;47;28;2;30;77;25;12;1;13;68;38;18;1;19;75;40;13;1;14;68;40;18;1;19;87;39;20;1;21;99;67;34;1;35;104;46;13;3;16
Narrativas digitales;;;;;;;;;;;;;;;;;;;;;;;;;;;;;;;;;;;;;;;;;;;;;;;;;;;;;;;;;;;;;;;;;;;;;;;;;;;;;;;;;;;;;;;;;;;;;;;;;;;;;;;;;;;;;;;;;;;;;;;;;;;;;;;;;;;;;;;;;;;;;;;;;;;;;;;;;;;;;;;;;37;29;6;0;6;60;49;20;1;21;84;70;31;3;34;82;90;39;2;41;73;60;16;4;20
Artes y Humanidades;104;81;50;9;59;122;101;61;12;73;125;94;46;18;64;139;88;45;18;63;139;102;50;6;56;167;118;61;8;69;218;130;53;9;62;199;131;54;5;59;269;161;46;15;61;289;186;82;8;90;298;195;73;10;83;292;161;73;18;91;315;182;62;14;76;220;99;47;16;63;268;152;56;13;69;243;114;56;12;68;290;174;52;12;64;226;129;53;9;62;316;224;54;8;62;255;174;66;9;75;313;212;73;7;80;221;153;68;6;74;306;218;84;8;92;236;172;73;11;84;334;230;74;11;85;191;139;49;19;68;387;236;76;7;83;214;191;74;8;82;318;303;100;7;107;210;194;76;7;83;225;162;63;13;76;160;139;49;6;55;237;179;48;3;51;232;189;69;5;74;280;217;85;6;91;297;269;114;9;123;316;220;55;9;64
Biología;85;80;37;2;39;64;61;32;4;36;86;67;31;5;36;47;40;20;1;21;71;58;21;4;25;54;34;16;1;17;82;54;18;4;22;53;45;13;3;16;103;74;16;1;17;72;66;20;1;21;125;90;24;4;28;70;55;22;6;28;88;66;5;2;7;64;44;12;10;22;127;88;21;4;25;72;57;22;6;28;102;79;19;8;27;88;61;21;4;25;99;71;24;6;30;80;58;20;3;23;93;69;13;2;15;65;48;21;;21;113;96;26;5;31;90;56;24;2;26;116;85;22;4;26;83;52;19;5;24;164;74;33;2;35;56;53;27;5;32;99;58;20;3;23;53;37;17;3;20;73;46;8;1;9;41;48;16;0;16;56;53;14;3;17;51;63;20;2;22;73;77;27;1;28;63;64;14;0;14;99;93;25;7;32
Física;35;33;16;;16;15;14;9;2;11;24;22;11;;11;8;7;2;;2;17;16;11;1;12;14;11;4;;4;50;41;14;2;16;27;24;7;2;9;50;43;12;1;13;28;26;11;1;12;44;40;11;1;12;37;36;14;;14;48;41;10;2;12;20;20;4;1;5;59;50;15;3;18;36;32;5;1;6;71;61;25;2;27;38;30;16;;16;65;57;19;1;20;42;33;14;1;15;77;68;19;3;22;42;32;19;2;21;101;87;28;4;32;48;38;16;4;20;116;100;32;1;33;55;25;13;4;17;190;74;27;3;30;54;28;13;2;15;146;51;29;;29;43;33;11;1;12;145;70;25;0;25;57;50;21;6;27;133;118;45;2;47;75;62;34;5;39;160;156;64;2;66;113;107;40;5;45;187;175;54;10;64
Geociencias;;;;;;;;;;;;;;;;;;;;;;;;;;;;;;;;;;;;;;;;;;;;;;;;;;;;;;;;;;;;;;;;;;;;;;;;;;;;;;;;;43;31;7;;7;54;34;20;;20;93;69;27;;27;70;45;20;2;22;155;78;29;3;32;82;50;26;2;28;182;110;43;1;44;109;52;24;2;26;244;189;82;1;83;83;15;9;15;24;234;76;23;1;24;75;15;7;5;12;160;35;13;;13;49;21;10;3;13;102;69;18;4;22;26;20;11;6;17;61;45;17;1;18;29;24;10;2;12;66;54;17;1;18;28;29;9;0;9;76;61;16;3;19
Matemáticas;18;16;9;2;11;14;13;11;1;12;12;11;7;1;8;15;15;6;4;10;19;15;7;-;7;26;22;12;2;14;24;19;9;1;10;30;25;13;1;14;59;45;7;1;8;36;29;15;2;17;39;32;4;1;5;35;27;9;1;10;49;38;10;2;12;25;19;10;3;13;53;43;6;;6;50;44;17;2;19;59;49;9;2;11;37;27;18;1;19;37;31;18;1;19;32;26;10;1;11;41;32;5;1;6;30;24;10;2;12;37;32;7;1;8;30;24;8;3;11;54;47;18;1;19;21;12;6;3;9;70;35;9;1;10;21;14;5;2;7;36;29;9;3;12;24;18;12;0;12;35;31;10;2;12;29;26;11;0;11;38;35;13;1;14;25;25;14;0;14;31;27;9;1;10;29;29;14;0;14;45;39;10;1;11
Microbiología;105;89;45;1;46;55;47;29;2;31;109;82;38;1;39;47;39;17;1;18;68;44;15;3;18;55;33;9;;9;100;65;26;;26;64;46;15;2;17;122;76;19;2;21;60;50;17;4;21;101;70;11;;11;48;33;10;1;11;87;69;18;3;21;46;32;13;2;15;74;44;11;2;13;39;27;9;1;10;87;63;16;1;17;48;29;7;1;8;76;49;15;;15;39;30;9;2;11;56;43;12;1;13;21;12;6;;6;61;45;14;1;15;23;15;6;1;7;88;62;16;;16;36;27;6;2;8;97;61;19;0;19;53;37;16;3;19;113;64;27;1;28;54;33;13;2;15;67;58;16;0;16;33;53;8;0;8;53;59;11;0;11;36;45;11;2;13;58;81;24;1;25;48;67;14;0;14;75;79;19;3;22
Química;;;;;;;;;;;;;;;;;;;;;;;;;;5;3;;;;36;28;6;;6;18;15;3;3;6;53;41;5;;5;24;21;7;1;8;43;31;8;;8;25;19;7;;7;40;29;7;1;8;18;16;4;;4;42;32;3;;3;24;20;8;1;9;68;50;12;;12;29;15;3;;3;68;47;17;;17;26;14;5;3;8;42;34;10;1;11;27;19;3;;3;55;45;16;1;17;34;23;10;1;11;77;63;24;1;25;35;14;6;6;12;89;71;29;1;30;21;12;5;1;6;70;51;20;;20;20;14;3;5;8;40;44;7;1;8;16;22;3;1;4;26;24;5;0;5;20;24;8;1;9;49;51;13;2;15;28;27;7;2;9;60;43;9;1;10
Ciencias;243;218;107;5;112;148;135;81;9;90;231;182;87;7;94;117;101;45;6;51;175;133;54;8;62;154;103;41;3;44;292;207;73;7;80;192;155;51;11;62;387;279;59;5;64;220;192;70;9;79;352;263;58;6;64;215;170;62;8;70;312;243;50;10;60;173;131;43;16;59;355;257;56;9;65;221;180;61;11;72;430;333;88;13;101;294;196;85;6;91;438;324;120;8;128;289;206;78;12;90;464;324;88;11;99;267;185;85;6;91;549;415;134;13;147;334;208;88;13;101;695;546;194;8;202;313;145;59;35;94;844;391;140;8;148;280;159;73;18;91;624;288;118;7;125;243;156;66;14;80;462;318;84;8;92;202;219;70;13;83;367;334;105;7;112;236;243;97;12;109;437;446;154;8;162;309;323;98;7;105;542;490;133;25;158
Antropología;54;49;27;1;28;53;50;25;2;27;50;36;15;2;17;51;38;18;2;20;41;36;18;4;22;34;26;10;3;13;75;53;18;2;20;59;52;20;2;22;72;51;15;;15;70;58;19;2;21;102;75;19;1;20;66;57;29;3;32;78;58;14;4;18;69;50;18;4;22;82;50;10;2;12;73;56;26;4;30;88;54;17;4;21;57;42;16;4;20;90;62;15;3;18;75;59;28;2;30;87;75;23;5;28;56;47;15;5;20;77;67;24;7;31;51;41;17;2;19;93;74;22;4;26;58;38;11;4;15;106;75;21;2;23;40;36;9;2;11;78;43;15;5;20;36;30;11;1;12;56;56;8;1;9;29;34;10;6;16;36;31;15;2;17;31;26;10;1;11;48;36;10;3;13;44;43;17;1;18;53;39;9;3;12
Ciencia Política;108;96;38;11;49;132;106;53;2;55;113;84;35;8;43;133;92;35;9;44;138;118;43;9;52;138;98;40;10;50;141;93;28;12;40;144;122;43;6;49;264;149;37;9;46;240;154;60;6;66;314;217;59;5;64;235;154;59;16;75;283;167;52;16;68;182;91;29;6;35;271;172;40;7;47;197;107;40;13;53;292;152;40;9;49;177;122;42;9;51;265;166;38;9;47;162;136;32;3;35;210;155;46;10;56;172;139;56;5;61;206;176;56;15;71;150;133;54;11;65;257;228;64;9;73;152;120;46;8;54;285;158;50;8;58;151;153;53;5;58;275;138;38;5;43;124;162;43;3;46;130;144;18;6;24;94;99;23;6;29;116;126;32;5;37;90;83;27;3;30;117;112;30;3;33;97;93;21;4;25;137;96;25;6;31
Filosofía;21;18;9;1;10;13;12;8;2;10;15;12;3;1;4;20;12;7;;7;12;9;3;1;4;17;14;9;2;11;37;24;7;2;9;23;18;7;;7;37;29;5;;5;36;27;10;1;11;28;19;5;2;7;30;23;7;1;8;36;24;5;1;6;23;20;2;1;3;39;24;6;2;8;25;15;7;2;9;26;19;10;;10;32;27;14;;14;33;27;9;2;11;31;27;11;1;12;32;31;12;;12;26;22;10;;10;21;18;2;2;4;21;18;10;1;11;29;18;6;1;7;23;13;2;1;3;39;46;7;0;7;22;19;8;0;8;22;34;8;1;9;15;16;5;1;6;14;20;4;1;5;9;9;4;2;6;13;12;1;0;1;17;14;4;0;4;26;23;7;1;8;22;25;14;1;15;22;18;8;1;9
Historia;8;7;3;;3;25;20;13;;13;19;18;8;;8;24;16;8;1;9;23;19;7;-;7;23;15;6;;6;34;21;6;1;7;24;16;5;3;8;50;32;4;1;5;37;31;12;1;13;45;34;11;1;12;29;22;5;1;6;60;41;10;;10;37;24;9;2;11;41;21;5;3;8;41;28;11;2;13;39;26;3;2;5;52;38;18;1;19;45;29;7;3;10;38;25;12;2;14;46;37;9;;9;40;31;12;4;16;26;22;6;0;6;35;26;12;0;12;44;38;13;;13;32;17;7;3;10;45;22;4;0;4;15;17;1;0;1;28;38;9;1;10;22;20;12;0;12;20;24;2;0;2;12;9;2;0;2;8;7;2;0;2;15;16;4;1;5;14;12;4;0;4;11;10;4;0;4;15;10;5;2;7
Lenguajes y Est. Soc;63;54;31;6;37;36;30;16;3;19;51;41;20;4;24;49;36;19;4;23;60;41;18;1;19;41;25;10;3;13;109;55;18;1;19;74;60;20;1;21;128;75;18;2;20;91;69;23;3;26;158;96;25;4;29;65;43;12;5;17;95;61;21;2;23;64;36;15;1;16;120;63;12;;12;69;38;15;2;17;128;64;10;4;14;75;49;17;;17;119;81;12;3;15;65;42;14;1;15;117;78;8;5;13;65;46;15;1;16;110;87;15;2;17;56;47;11;4;15;178;140;35;;35;75;35;14;1;15;;;;;;;;;;;;;;;;;;;;;;;;;;;;;;;;;;;;;;;;;;;;;;;;;;;;;;;
Lenguas y Cultura;;;;;;;;;;;;;;;;;;;;;;;;;;;;;;;;;;;;;;;;;;;;;;;;;;;;;;;;;;;;;;;;;;;;;;;;;;;;;;;;;;;;;;;;;;;;;;;;;;;;;;;;;;;;;;;;;;;;;;;;;;;;;;;;;;;242;122;34;0;34;67;35;9;3;12;184;82;28;1;29;75;43;15;1;16;115;81;15;0;15;40;38;7;3;10;87;72;19;2;21;42;28;9;0;9;102;76;17;0;17;21;19;3;2;5;147;111;37;2;39
Psicología;82;63;28;12;40;84;69;31;2;33;92;71;23;10;33;86;64;29;9;38;80;68;24;4;28;75;47;15;8;23;166;64;21;3;24;101;77;29;;29;207;100;27;4;31;177;122;35;2;37;246;127;26;5;31;157;107;33;9;42;197;111;26;10;36;135;84;33;10;43;228;108;19;;19;177;101;38;10;48;269;124;30;5;35;222;137;59;6;65;289;144;24;3;27;240;180;59;7;66;233;145;40;13;53;216;162;53;11;64;264;192;43;15;58;193;141;39;7;46;436;198;60;9;69;260;146;63;6;69;427;143;46;5;51;196;134;41;0;41;278;126;40;7;47;203;136;37;3;40;143;122;14;5;19;138;130;33;3;36;132;111;20;4;24;153;129;36;5;41;165;126;34;5;39;154;69;29;2;31;197;93;22;3;25
Ciencias Sociales;336;287;136;31;167;343;287;146;11;157;340;262;104;25;129;363;258;116;25;141;354;291;113;19;132;328;225;90;26;116;562;310;98;21;119;425;345;124;12;136;758;436;106;16;122;651;461;159;15;174;893;568;145;18;163;582;406;145;35;180;749;462;128;33;161;510;305;106;24;130;781;438;92;14;106;582;345;137;33;170;842;439;110;24;134;615;415;166;20;186;841;509;105;23;128;611;469;156;16;172;725;521;138;33;171;575;447;161;26;187;704;562;146;41;187;506;406;143;25;168;1.037;696;200;23;223;600;369;143;23;166;1.144;566;162;15;177;491;394;121;10;131;865;461;138;20;158;475;407;123;9;132;478;447;61;13;74;322;319;79;20;99;392;359;89;13;102;348;296;90;10;100;472;385;102;12;114;349;259;88;10;98;571;367;106;17;123
Derecho;197;136;54;12;66;180;88;48;18;66;246;176;92;9;101;280;134;69;10;79;245;154;65;11;76;266;92;47;9;56;343;114;36;5;41;330;146;64;7;71;545;202;48;5;53;406;183;78;12;90;622;237;39;8;47;419;192;68;21;89;639;293;56;23;79;397;181;67;41;108;635;292;80;20;100;401;98;40;54;94;717;265;51;13;64;446;169;80;11;91;698;273;54;14;71;426;220;80;19;99;548;261;67;17;84;418;221;97;17;114;531;267;61;15;76;377;197;76;9;85;867;357;96;17;113;498;142;73;23;96;1.041;214;70;11;81;381;159;79;8;87;742;167;63;6;69;421;149;53;6;59;511;227;75;12;87;354;255;96;12;108;452;277;85;9;94;357;260;106;16;122;481;423;143;14;157;418;346;158;13;171;584;413;114;20;134
Economía;179;156;70;8;78;184;89;57;20;77;188;158;89;15;104;227;138;79;20;99;197;149;60;13;73;164;105;60;14;74;278;147;67;17;84;283;147;99;22;121;455;170;57;9;66;356;143;82;11;93;562;282;96;16;112;354;169;87;29;116;553;286;94;19;113;377;131;68;48;116;503;292;92;13;105;292;97;61;45;106;543;174;64;12;76;373;151;91;16;107;488;197;69;16;85;309;175;81;15;96;442;224;68;15;83;288;159;93;19;112;401;224;86;14;100;300;148;77;12;89;487;209;93;17;110;312;141;89;10;99;610;197;82;9;91;312;128;89;12;101;488;153;70;7;77;235;135;66;9;75;331;201;88;5;93;236;173;89;11;100;312;224;92;4;96;258;158;85;10;95;313;302;107;8;115;326;255;123;18;141;343;287;106;13;119
Licenciatura en Arte;;;;;;;;;;;;;;;;;;;;;;;;;;;;;;;;;;;;;;;;;;;;;;;;;;;;;;;;;;;;;;;;;;;;;;;;;;;;;;;;;;;;;;;;;;;;;;;;;;;;;;;;;;;;;;;;;;;;;;;;;;;;;;;;;;;10;3;1;0;1;6;2;1;0;1;3;4;2;0;2;1;0;0;0;0;0;1;0;0;0;1;0;0;0;0;5;3;1;0;1;0;1;0;0;0;3;2;2;0;2;3;4;1;0;1;6;3;1;;1
Licenciatura en Biología;;;;;;;;;;;;;;;;;;;;;;;;;;;;;;;;;;;;;;;;;;;;;;;;;;;;;;;;;;;;;;;;;;;;;;;;;;;;;;;;;;;;;;;;;;;;;;;;;;;;;;;;;;;;;;;;;;;;;;;;;;;;;;;;;;;;;;;;;;;;;;;;;;;;;;;;;;;;;;;;;1;0;0;0;0;;;;;;3;1;1;0;1;2;2;0;0;0;2;1;;;
Licenciatura en Ciencias Naturales;;;;;;;;;;;;;;;;;;;;;;;;;;;;;;;;;;;;;;;;;;;;;;;;;;;;;;;;;;;;;;;;;;;;;;;;;;;;;;;;;;;;;;;;;;;;;;;;;;;;;;;;;;;;;;;;;;;;;;;;;;;;;;;;;;;12;3;3;0;3;0;0;0;1;1;5;6;2;0;2;3;1;0;0;0;2;2;0;0;0;;;;;;;;;;;;;;;;;;;;;;;;;;;;;;
Licenciatura en Ciencias Sociales;;;;;;;;;;;;;;;;;;;;;;;;;;;;;;;;;;;;;;;;;;;;;;;;;;;;;;;;;;;;;;;;;;;;;;;;;;;;;;;;;;;;;;;;;;;;;;;;;;;;;;;;;;;;;;;;;;;;;;;;;;;;;;;;;;;17;2;1;0;1;2;0;0;0;0;10;7;1;0;1;5;1;0;0;0;6;3;0;0;0;;;;;;;;;;;;;;;;;;;;;;;;;;;;;;
Licenciatura en Educación de Primera Infancia;;;;;;;;;;;;;;;;;;;;;;;;;;;;;;;;;;;;;;;;;;;;;;;;;;;;;;;;;;;;;;;;;;;;;;;;;;;;;;;;;;;;;;;;;;;;;;;;;;;;;;;;;;;;;;;;;;;;;;;;;;;;;;;;;;;5;2;2;0;2;3;1;0;0;0;8;3;0;0;0;5;0;0;0;0;6;2;0;0;0;;;;;;;;;;;;;;;;;;;;;;;;;;;;;;
Licenciatura en Educación Infantil;;;;;;;;;;;;;;;;;;;;;;;;;;;;;;;;;;;;;;;;;;;;;;;;;;;;;;;;;;;;;;;;;;;;;;;;;;;;;;;;;;;;;;;;;;;;;;;;;;;;;;;;;;;;;;;;;;;;;;;;;;;;;;;;;;;;;;;;;;;;;;;;;;;;;;;;;;;;5;2;1;0;1;5;1;0;0;0;5;2;1;0;1;10;7;2;0;2;4;4;2;0;2;17;4;1;;1
Licenciatura en Español y Filología;;;;;;;;;;;;;;;;;;;;;;;;;;;;;;;;;;;;;;;;;;;;;;;;;;;;;;;;;;;;;;;;;;;;;;;;;;;;;;;;;;;;;;;;;;;;;;;;;;;;;;;;;;;;;;;;;;;;;;;;;;;;;;;;;;;;;;;;;;;;;;;;;;;;;;;;;;;;;;;;;5;1;0;0;0;1;0;0;0;0;9;6;3;0;3;8;6;2;0;2;10;7;2;;2
Licenciatura en Física;;;;;;;;;;;;;;;;;;;;;;;;;;;;;;;;;;;;;;;;;;;;;;;;;;;;;;;;;;;;;;;;;;;;;;;;;;;;;;;;;;;;;;;;;;;;;;;;;;;;;;;;;;;;;;;;;;;;;;;;;;;;;;;;;;;;;;;;;;;;;;;;;;;;;;;;;;;;;;;;;1;1;0;0;0;1;1;1;0;1;2;2;2;0;2;2;2;0;0;0;2;2;;;
Licenciatura en Filosofía;;;;;;;;;;;;;;;;;;;;;;;;;;;;;;;;;;;;;;;;;;;;;;;;;;;;;;;;;;;;;;;;;;;;;;;;;;;;;;;;;;;;;;;;;;;;;;;;;;;;;;;;;;;;;;;;;;;;;;;;;;;;;;;;;;;;;;;;;;;;;;;;;;;;;;;;;;;;;;;;;;;;;;;;;;;0;1;0;0;0;1;;0;0;0;1;1;;;
Licenciatura en Historia;;;;;;;;;;;;;;;;;;;;;;;;;;;;;;;;;;;;;;;;;;;;;;;;;;;;;;;;;;;;;;;;;;;;;;;;;;;;;;;;;;;;;;;;;;;;;;;;;;;;;;;;;;;;;;;;;;;;;;;;;;;;;;;;;;;;;;;;;;;;;;;;;;;;;;;;;;;;2;0;0;0;0;1;1;1;0;1;;;;;;5;3;0;0;0;6;9;3;1;4;3;2;;;
Licenciatura en Humanidades;;;;;;;;;;;;;;;;;;;;;;;;;;;;;;;;;;;;;;;;;;;;;;;;;;;;;;;;;;;;;;;;;;;;;;;;;;;;;;;;;;;;;;;;;;;;;;;;;;;;;;;;;;;;;;;;;;;;;;;;;;;;;;;;;;;13;3;1;0;1;3;0;0;0;0;8;4;1;0;1;2;1;0;0;0;3;3;0;0;0;;;;;;;;;;;;;;;;;;;;;;;;;;;;;;
Licenciatura en Matemáticas;;;;;;;;;;;;;;;;;;;;;;;;;;;;;;;;;;;;;;;;;;;;;;;;;;;;;;;;;;;;;;;;;;;;;;;;;;;;;;;;;;;;;;;;;;;;;;;;;;;;;;;;;;;;;;;;;;;;;;;;;;;;;;;;;;;19;2;3;0;3;2;2;0;0;0;7;3;1;0;1;1;0;0;0;0;3;10;2;0;2;2;1;1;0;1;1;2;0;0;0;1;1;0;0;0;4;1;0;0;0;2;2;0;0;0;5;2;1;;1
Licenciatura en Química;;;;;;;;;;;;;;;;;;;;;;;;;;;;;;;;;;;;;;;;;;;;;;;;;;;;;;;;;;;;;;;;;;;;;;;;;;;;;;;;;;;;;;;;;;;;;;;;;;;;;;;;;;;;;;;;;;;;;;;;;;;;;;;;;;;;;;;;;;;;;;;;;;;;;;;;;;;;;;;;;1;1;0;0;0;5;2;0;0;0;0;1;0;0;0;2;2;2;0;2;5;4;1;;1
Educación;;;;;;;;;;;;;;;;;;;;;;;;;;;;;;;;;;;;;;;;;;;;;;;;;;;;;;;;;;;;;;;;;;;;;;;;;;;;;;;;;;;;;;;;;;;;;;;;;;;;;;;;;;;;;;;;;;;;;;;;;;;;;;;;;;;76;15;11;0;11;16;5;1;1;2;41;27;7;0;7;17;3;0;0;0;20;21;2;0;2;10;3;2;0;2;20;10;2;0;2;13;7;2;0;2;36;24;10;0;10;30;31;10;1;11;51;26;6;;6
Estudios Dirigidos;40;22;31;1;32;64;57;45;2;47;67;42;25;4;29;93;71;49;4;53;62;43;37;9;46;94;58;34;6;40;72;38;21;4;25;84;64;44;6;50;92;27;11;2;13;99;30;23;3;26;54;9;2;2;4;47;17;8;2;10;42;12;4;1;5;34;16;9;8;17;36;4;3;2;5;42;17;13;1;14;27;6;4;2;6;35;19;10;;10;27;8;4;3;7;42;26;15;2;17;28;13;4;;4;48;30;22;1;23;27;5;3;6;9;33;26;17;1;18;23;13;13;6;19;47;26;12;2;14;41;47;22;5;27;112;89;65;2;67;109;88;38;8;46;141;118;69;4;73;88;79;45;10;55;132;128;55;3;58;62;62;24;15;39;132;139;62;7;69;83;79;44;11;55;137;148;71;3;74;55;49;20;6;26
Gobierno y Asuntos Públicos;;;;;;;;;;;;;;;;;;;;;;;;;;;;;;;;;;;;;;;;;;;;;;;;;;;;;;;;;;;;;;;;;;;;;;;;;;;;;;;;;;;;;;;;;;;;;;;;;;;;;;;;;;;;;;;;;;;;58;31;13;;13;94;72;18;3;21;79;50;15;5;20;126;119;36;2;38;91;100;47;4;51;134;123;38;3;41;76;95;40;3;43;95;134;19;7;26;64;78;26;6;32;99;106;21;5;26;61;53;22;3;25;71;57;29;3;32;56;59;24;1;25;76;50;16;;16
Escuela de Gobierno;;;;;;;;;;;;;;;;;;;;;;;;;;;;;;;;;;;;;;;;;;;;;;;;;;;;;;;;;;;;;;;;;;;;;;;;;;;;;;;;;;;;;;;;;;;;;;;;;;;;;;;;;;;;;;;;;;;;58;31;13;;13;94;72;18;3;21;79;50;15;5;20;126;119;36;2;38;91;100;47;4;51;134;123;38;3;41;76;95;40;3;43;95;134;19;7;26;64;78;26;6;32;99;106;21;5;26;61;53;22;3;25;71;57;29;3;32;56;59;24;1;25;76;50;16;;16
Ingeneiría de Alimentos;;;;;;;;;;;;;;;;;;;;;;;;;;;;;;;;;;;;;;;;;;;;;;;;;;;;;;;;;;;;;;;;;;;;;;;;;;;;;;;;;;;;;;;;;;;;;;;;;;;;;;;;;;;;;;;;;;;;;;;;;;;;;;;;;;;;;;;;;;;;;;;;;;;;;;;;;;;;;;;;;;;;;;;;;;;;;;;;24;21;6;0;6;46;37;23;2;25
Ingeniería Ambiental;63;48;25;1;26;19;15;8;4;12;58;41;23;4;27;38;28;16;3;19;43;32;14;1;15;37;34;19;3;22;125;79;27;;27;61;47;22;5;27;130;82;24;2;26;92;65;27;4;31;230;172;55;2;57;105;69;25;6;31;261;153;46;11;57;162;78;40;12;52;306;157;50;6;56;179;93;45;8;53;370;167;55;8;63;186;79;36;10;46;342;205;59;6;65;194;98;46;11;57;244;121;35;7;42;142;65;41;6;47;286;155;53;4;57;141;77;39;9;48;433;142;55;6;61;147;51;25;10;35;429;109;64;1;65;91;63;28;5;33;183;104;51;4;55;59;59;24;4;28;101;111;21;4;25;38;48;15;5;20;72;56;24;5;29;46;38;17;0;17;74;58;22;0;22;36;29;7;2;9;93;66;18;3;21
Ingeniería Biomédica;;;;;;;;;;;;;;;;;;;;;;;;;;;;;;;;;;;;;;;;;;;;;;;;;;;;;;;;;;;;;;;;;;;;;;;;;;;;;;;;;;;;;;82;56;20;;20;136;91;25;3;28;87;65;33;1;34;150;106;37;6;43;108;80;42;5;47;177;122;52;3;55;108;75;23;3;26;258;152;62;7;69;137;80;41;10;51;361;179;68;6;74;117;81;48;13;61;323;125;63;3;66;117;88;39;4;43;208;174;54;10;64;111;146;45;11;56;172;183;66;1;67;115;136;46;4;50;208;268;98;4;102;121;132;41;5;46;229;224;56;9;65
Ingeniería Civil;53;44;19;4;23;44;38;26;1;27;97;74;30;2;32;53;34;19;8;27;81;66;36;6;42;46;38;18;3;21;166;107;31;6;37;80;64;31;4;35;203;145;43;2;45;147;118;53;4;57;291;225;63;12;75;180;139;61;13;74;379;238;92;9;101;177;114;56;16;72;355;235;82;11;93;180;113;39;19;58;493;272;97;10;107;220;123;65;9;74;541;371;125;13;138;276;162;71;20;91;488;302;91;12;103;241;132;64;16;80;525;325;98;10;108;234;144;77;20;97;823;322;139;13;152;284;122;69;18;87;1.069;183;76;8;84;212;120;62;11;73;706;152;66;5;71;195;137;79;9;88;373;233;70;4;74;134;115;56;13;69;225;195;76;6;82;104;87;39;11;50;245;221;82;8;90;136;121;41;9;50;262;185;59;8;67
Ingeniería Eléctrica;15;14;6;;6;14;8;5;;5;25;17;9;;9;21;9;7;;7;13;10;4;;4;6;4;3;;3;28;20;9;;9;18;15;5;1;6;39;27;10;;10;31;27;13;1;14;57;43;8;1;9;26;15;3;1;4;55;47;18;1;19;24;12;5;1;6;48;30;13;3;16;19;10;5;2;7;60;30;9;1;10;41;16;7;1;8;64;43;12;1;13;28;17;4;1;5;61;43;16;;16;28;13;2;;2;59;43;15;2;17;26;13;6;4;10;86;45;13;;13;29;15;10;4;14;132;59;21;0;21;16;13;9;4;13;69;61;25;;25;16;17;6;3;9;67;37;10;2;12;20;15;11;2;13;25;22;10;1;11;16;12;6;1;7;34;30;13;0;13;24;20;4;1;5;24;21;5;2;7
Ingeniería Electrónica;236;216;111;2;113;96;78;40;8;48;199;165;77;4;81;113;86;37;10;47;213;182;77;6;83;125;103;48;9;57;375;297;97;6;103;149;131;43;7;50;359;289;74;6;80;143;127;44;12;56;417;356;82;3;85;165;129;41;9;50;336;254;74;4;78;136;91;36;7;43;317;248;77;10;87;123;88;24;5;29;340;224;63;7;70;101;72;26;4;30;268;206;66;3;69;98;77;32;4;36;244;201;61;3;64;84;61;21;5;26;222;156;51;2;53;79;58;24;2;26;366;200;79;3;82;87;53;21;8;29;454;188;66;1;67;93;68;26;6;32;352;115;47;1;48;81;66;31;3;34;194;125;41;3;44;72;63;26;5;31;114;105;38;3;41;49;44;19;0;19;137;129;54;5;59;72;67;22;5;27;134;107;33;2;35
Ingeniería General;100;78;46;4;50;72;61;44;7;51;100;91;52;2;54;51;34;26;10;36;67;51;30;6;36;64;52;28;3;31;56;37;22;6;28;60;41;27;10;37;73;26;19;3;22;76;37;28;3;31;93;60;30;;30;66;24;13;6;19;95;47;20;2;22;72;20;11;7;18;81;50;29;1;30;79;27;16;5;21;69;37;19;3;22;68;17;8;1;9;;;;7;7;;;;;;;;;;;;;;;;;;;;;;;;;;;;;;;;;;;;;;;;;;;;;;;;;;;;;;;;;;;;;;;;;;;;;;;;;;;;;;;;;;;;;;;;;;
Ingeniería Industrial;304;258;136;10;146;241;219;144;18;162;305;247;149;18;167;319;280;186;15;201;390;316;164;9;173;345;277;173;35;208;473;299;164;27;191;420;317;189;31;220;789;364;126;34;160;577;336;182;31;213;943;595;199;28;227;569;292;140;75;215;917;440;156;33;189;543;240;123;61;184;806;422;152;27;179;473;195;110;72;182;812;377;162;30;192;500;226;118;24;142;811;428;154;27;181;450;242;149;23;172;681;445;159;23;182;460;265;171;31;202;673;383;158;34;192;479;291;174;26;200;898;307;138;36;174;531;270;163;26;189;934;258;121;23;144;387;183;111;24;135;602;195;86;13;99;327;234;124;11;135;350;274;91;22;113;286;275;146;19;165;266;219;97;20;117;242;243;142;19;161;280;244;99;11;110;295;281;140;12;152;310;239;85;24;109
Ingeniería Mecánica;150;121;70;3;73;109;99;68;11;79;124;98;55;7;62;94;72;47;6;53;142;109;55;2;57;99;81;41;6;47;259;183;88;5;93;133;122;65;5;70;312;218;69;8;77;155;118;62;7;69;322;253;107;7;114;179;128;67;10;77;311;205;89;9;98;158;96;46;18;64;301;208;93;11;104;170;115;63;18;81;303;192;78;7;85;159;102;56;11;67;318;231;83;3;86;179;126;74;10;84;345;248;84;8;92;134;96;64;9;73;308;212;90;7;97;179;126;68;11;79;462;238;96;8;104;202;124;69;12;81;544;194;80;9;89;159;113;62;9;71;396;139;74;5;79;139;122;65;8;73;261;200;66;9;75;145;136;67;12;79;186;164;71;5;76;115;110;59;11;70;183;170;79;5;84;140;121;59;5;64;206;162;56;6;62
Ingeniería Química;209;182;91;2;93;126;112;65;6;71;215;182;100;8;108;126;106;46;12;58;216;181;81;5;86;116;89;44;10;54;341;262;85;6;91;170;151;55;5;60;365;292;71;10;81;202;167;54;8;62;448;366;108;9;117;191;148;43;12;55;433;293;86;9;95;184;116;39;13;52;386;275;87;6;93;177;122;48;9;57;450;292;77;6;83;149;85;38;2;40;442;332;104;7;111;172;106;47;7;54;398;280;71;10;81;193;125;52;15;67;473;320;100;10;110;224;149;64;13;77;571;308;90;6;96;220;106;50;24;74;604;204;87;5;92;132;113;60;15;75;410;174;85;9;94;113;100;39;12;51;218;183;49;6;55;75;71;31;6;37;186;169;68;8;76;72;71;31;2;33;187;185;72;1;73;89;88;34;5;39;;;;3;3
Ingeniería de Sistemas;172;132;69;2;71;75;63;46;5;51;129;99;56;4;60;80;59;30;5;35;123;86;37;4;41;71;48;26;5;31;230;143;45;1;46;113;80;36;;36;304;181;41;5;46;178;117;39;5;44;312;213;54;6;60;118;85;33;8;41;232;131;49;6;55;131;82;39;10;49;230;144;46;4;50;97;54;20;5;25;237;119;40;3;43;80;45;20;4;24;226;138;44;2;46;87;57;29;5;34;148;94;34;6;40;79;46;25;3;28;152;77;24;0;24;108;76;48;3;51;366;146;47;3;50;149;76;42;5;47;574;250;103;2;105;146;106;56;9;65;492;168;87;2;89;176;135;74;4;78;279;183;71;7;78;118;112;59;5;64;236;207;72;4;76;123;114;56;4;60;287;256;108;4;112;152;140;60;10;70;381;285;93;5;98
Ingeniería;1.302;1.093;573;28;601;796;693;446;60;506;1.252;1.014;551;49;600;895;708;414;69;483;1.288;1.033;498;39;537;909;726;400;74;474;2.053;1.427;568;57;625;1.204;968;473;68;541;2.574;1.624;477;70;547;1.601;1.112;502;75;577;3.113;2.283;706;68;774;1.599;1.029;426;140;566;3.019;1.808;630;84;714;1.587;849;395;145;540;2.830;1.769;629;79;708;1.497;817;370;143;513;3.134;1.710;600;75;675;1.586;821;394;66;460;3.148;2.045;672;72;744;1.571;950;485;82;567;2.759;1.840;588;75;663;1.469;883;482;90;572;2.875;1.793;641;72;713;1.578;1.009;523;91;614;4.263;1.860;719;82;801;1.786;897;490;117;607;5.101;1.624;686;55;741;1.353;860;462;96;558;3.533;1.233;584;42;626;1.223;958;481;58;539;2.051;1.520;473;67;540;999;981;456;78;534;1.482;1.320;522;53;575;882;855;415;52;467;1.635;1.561;627;38;665;1.089;1.020;414;54;468;1.685;1.326;428;64;492
Medicina;;;;;;;;;;;;;;;;351;136;56;3;59;333;149;60;1;61;254;167;39;5;44;680;276;61;3;64;421;277;58;11;69;849;288;37;9;46;531;337;75;7;82;928;390;53;5;58;510;259;60;12;72;775;399;45;10;55;469;197;38;11;49;818;426;68;8;76;554;221;36;16;52;1.304;255;39;7;46;706;341;70;4;74;1.140;373;55;12;67;672;357;85;11;96;979;369;52;10;62;608;270;74;7;81;1.043;371;49;9;58;685;189;52;13;65;1.983;426;87;2;89;874;147;26;6;32;2.503;317;52;10;62;627;124;68;7;75;1.668;117;33;5;38;482;130;56;7;63;1.027;115;32;6;38;649;104;52;16;68;912;429;68;6;74;556;64;2;76;78;946;93;33;4;37;670;159;57;8;65;1.170;306;83;10;93
Total uniandes;2.884;2.346;1.203;113;1.316;2.356;1.643;1.003;172;1.175;2.975;2.282;1.172;148;1.320;3.133;1.912;1.023;198;1.221;3.461;2.431;1.115;123;1.238;2.972;1.842;909;175;1.084;5.352;2.983;1.130;149;1.279;4.036;2.613;1.167;161;1.328;7.484;3.605;980;155;1.135;5.318;2.959;1.213;168;1.381;8.645;4.714;1.327;161;1.488;5.177;2.722;1.074;315;1.389;8.089;4.231;1.234;230;1.464;4.938;2.212;913;385;1.298;7.820;4.058;1.228;199;1.427;4.941;2.204;943;376;1.319;9.024;3.786;1.182;189;1.371;5.477;2.626;1.133;160;1.293;8.598;4.488;1.296;196;1.495;5.346;3.069;1.301;202;1.503;7.517;4.277;1.257;218;1.475;4.985;2.795;1.313;215;1.528;7.676;4.349;1.365;204;1.569;5.110;2.801;1.250;211;1.461;11.297;5.013;1.716;198;1.914;5.946;2.445;1.152;290;1.442;13.695;4.214;1.530;158;1.688;4.884;2.662;1.292;195;1.487;9.795;3.453;1.403;142;1.545;4.399;2.829;1.255;147;1.402;6.164;3.800;1.117;175;1.292;4.008;2.936;1.209;194;1.403;5.192;3.962;1.299;150;1.449;3.966;2.869;1.219;224;1.443;5.619;4.304;1.581;144;1.725;4.719;3.659;1.509;157;1.666;6.454;4.310;1.297;213;1.510
